{"mse": 2.1605742902846132, "mae": 1.1256237853017375}